{
  "folds": [
    {
      "fold": 1,
      "n_train": 481,
      "n_val": 104,
      "n_test": 104,
      "baseline_accuracy": 0.7019230769230769,
      "baseline_f1": 0.8248587570621468,
      "train_accuracy": 0.8627858627858628,
      "train_f1": 0.9108108108108108,
      "train_auroc": 1.0,
      "val_accuracy": 0.7211538461538461,
      "val_f1": 0.8284023668639053,
      "val_auroc": 0.6774193548387097,
      "test_accuracy": 0.75,
      "test_f1": 0.8375,
      "test_auroc": 0.7370746796288112
    }
  ],
  "avg_baseline_accuracy": 0.7019230769230769,
  "avg_baseline_f1": 0.8248587570621468,
  "avg_train_accuracy": 0.8627858627858628,
  "avg_train_f1": 0.9108108108108108,
  "avg_train_auroc": 1.0,
  "avg_val_auroc": 0.6774193548387097,
  "avg_test_accuracy": 0.75,
  "avg_test_f1": 0.8375,
  "avg_test_auroc": 0.7370746796288112,
  "feature_dim": 896,
  "n_samples": 689,
  "n_folds": 1,
  "extract_time_s": 158.6369068622589
}
